"bb_size","player_bucket","relative_position","pairedness","suitedness","cbet_opportunities","cbets","cbet_frequency","small_pct","medium_pct","large_pct","overbet_pct"
0.02,HU,IP,Paired,"2Tone",1399,795,0.5683,0.3069,0.4428,0.1862,0.0642
0.02,HU,IP,Paired,Rainbow,1488,819,0.5504,0.3382,0.4554,0.1636,0.0427
0.02,HU,IP,Trips,Rainbow,34,23,0.6765,0.3478,0.3913,0.2174,0.0435
0.02,HU,IP,Unpaired,"2Tone",7639,4797,0.6280,0.2497,0.4743,0.2101,0.0659
0.02,HU,IP,Unpaired,Monotone,878,482,0.5490,0.3071,0.4398,0.1929,0.0602
0.02,HU,IP,Unpaired,Rainbow,5329,3217,0.6037,0.2829,0.4663,0.1996,0.0513
0.02,HU,OOP,Paired,"2Tone",962,415,0.4314,0.2723,0.4675,0.2048,0.0554
0.02,HU,OOP,Paired,Rainbow,947,414,0.4372,0.3309,0.4614,0.1715,0.0362
0.02,HU,OOP,Trips,Rainbow,31,22,0.7097,0.4091,0.4091,0.1818,0.0000
0.02,HU,OOP,Unpaired,"2Tone",5404,2595,0.4802,0.2759,0.4412,0.2197,0.0632
0.02,HU,OOP,Unpaired,Monotone,608,252,0.4145,0.3175,0.3849,0.2024,0.0952
0.02,HU,OOP,Unpaired,Rainbow,3632,1687,0.4645,0.3112,0.4357,0.2092,0.0439
0.02,MW,IP,Paired,"2Tone",196,88,0.4490,0.3636,0.3977,0.2045,0.0341
0.02,MW,IP,Paired,Rainbow,191,79,0.4136,0.4051,0.3165,0.2405,0.0380
0.02,MW,IP,Trips,Rainbow,3,3,1.0000,0.6667,0.3333,0.0000,0.0000
0.02,MW,IP,Unpaired,"2Tone",984,547,0.5559,0.3565,0.3748,0.2139,0.0548
0.02,MW,IP,Unpaired,Monotone,87,39,0.4483,0.3590,0.3590,0.2564,0.0256
0.02,MW,IP,Unpaired,Rainbow,693,341,0.4921,0.4340,0.4194,0.1026,0.0440
0.02,MW,OOP,Paired,"2Tone",450,172,0.3822,0.3721,0.3837,0.1512,0.0930
0.02,MW,OOP,Paired,Rainbow,516,188,0.3643,0.3670,0.4255,0.1489,0.0585
0.02,MW,OOP,Trips,Rainbow,20,5,0.2500,0.2000,0.2000,0.2000,0.4000
0.02,MW,OOP,Unpaired,"2Tone",2590,1096,0.4232,0.3540,0.3586,0.1843,0.1031
0.02,MW,OOP,Unpaired,Monotone,295,117,0.3966,0.3077,0.3932,0.1709,0.1282
0.02,MW,OOP,Unpaired,Rainbow,1699,690,0.4061,0.3594,0.3884,0.1899,0.0623
0.05,HU,IP,Paired,"2Tone",540,329,0.6093,0.3495,0.4255,0.1702,0.0547
0.05,HU,IP,Paired,Rainbow,485,265,0.5464,0.4340,0.3434,0.1736,0.0491
0.05,HU,IP,Trips,Rainbow,10,8,0.8000,0.2500,0.2500,0.5000,0.0000
0.05,HU,IP,Unpaired,"2Tone",2689,1749,0.6504,0.3350,0.3922,0.2115,0.0612
0.05,HU,IP,Unpaired,Monotone,319,162,0.5078,0.3765,0.4259,0.1543,0.0432
0.05,HU,IP,Unpaired,Rainbow,1786,1137,0.6366,0.3949,0.3835,0.1724,0.0493
0.05,HU,OOP,Paired,"2Tone",273,114,0.4176,0.4298,0.3421,0.1316,0.0965
0.05,HU,OOP,Paired,Rainbow,292,127,0.4349,0.4173,0.3937,0.1260,0.0630
0.05,HU,OOP,Trips,Rainbow,6,2,0.3333,0.5000,0.0000,0.5000,0.0000
0.05,HU,OOP,Unpaired,"2Tone",1511,713,0.4719,0.3464,0.3436,0.2328,0.0771
0.05,HU,OOP,Unpaired,Monotone,170,65,0.3824,0.3846,0.4615,0.1077,0.0462
0.05,HU,OOP,Unpaired,Rainbow,1059,494,0.4665,0.4008,0.3745,0.1680,0.0567
0.05,MW,IP,Paired,"2Tone",64,35,0.5469,0.4000,0.4000,0.1714,0.0286
0.05,MW,IP,Paired,Rainbow,77,33,0.4286,0.4545,0.4242,0.0909,0.0303
0.05,MW,IP,Trips,Rainbow,1,0,0.0000,,,,
0.05,MW,IP,Unpaired,"2Tone",328,155,0.4726,0.3548,0.3871,0.2065,0.0516
0.05,MW,IP,Unpaired,Monotone,32,13,0.4063,0.4615,0.3846,0.1538,0.0000
0.05,MW,IP,Unpaired,Rainbow,204,104,0.5098,0.4231,0.3846,0.1635,0.0288
0.05,MW,OOP,Paired,"2Tone",137,47,0.3431,0.3617,0.4255,0.1915,0.0213
0.05,MW,OOP,Paired,Rainbow,140,46,0.3286,0.4348,0.3261,0.1957,0.0435
0.05,MW,OOP,Trips,Rainbow,4,2,0.5000,0.5000,0.0000,0.0000,0.5000
0.05,MW,OOP,Unpaired,"2Tone",787,335,0.4257,0.3373,0.3582,0.2119,0.0925
0.05,MW,OOP,Unpaired,Monotone,85,32,0.3765,0.4063,0.3438,0.2188,0.0313
0.05,MW,OOP,Unpaired,Rainbow,525,193,0.3676,0.3575,0.4093,0.1658,0.0674
0.10,HU,IP,Paired,"2Tone",593,319,0.5379,0.3605,0.4107,0.1850,0.0439
0.10,HU,IP,Paired,Rainbow,629,310,0.4928,0.3806,0.3645,0.2226,0.0323
0.10,HU,IP,Trips,Rainbow,17,12,0.7059,0.4167,0.2500,0.2500,0.0833
0.10,HU,IP,Unpaired,"2Tone",3192,2032,0.6366,0.2598,0.4129,0.2776,0.0497
0.10,HU,IP,Unpaired,Monotone,391,222,0.5678,0.2568,0.4505,0.2342,0.0586
0.10,HU,IP,Unpaired,Rainbow,2187,1329,0.6077,0.3138,0.4296,0.2220,0.0346
0.10,HU,OOP,Paired,"2Tone",418,165,0.3947,0.1818,0.5576,0.2121,0.0485
0.10,HU,OOP,Paired,Rainbow,408,174,0.4265,0.2184,0.5345,0.2241,0.0230
0.10,HU,OOP,Trips,Rainbow,15,6,0.4000,0.0000,0.1667,0.6667,0.1667
0.10,HU,OOP,Unpaired,"2Tone",2229,1119,0.5020,0.2055,0.4888,0.2484,0.0572
0.10,HU,OOP,Unpaired,Monotone,241,98,0.4066,0.2449,0.5000,0.1837,0.0714
0.10,HU,OOP,Unpaired,Rainbow,1530,759,0.4961,0.2121,0.4901,0.2530,0.0435
0.10,MW,IP,Paired,"2Tone",142,66,0.4648,0.3939,0.3485,0.2121,0.0455
0.10,MW,IP,Paired,Rainbow,145,65,0.4483,0.3231,0.2615,0.3231,0.0923
0.10,MW,IP,Trips,Rainbow,5,2,0.4000,0.5000,0.0000,0.5000,0.0000
0.10,MW,IP,Unpaired,"2Tone",697,370,0.5308,0.2919,0.4135,0.2514,0.0432
0.10,MW,IP,Unpaired,Monotone,72,29,0.4028,0.3793,0.4828,0.1034,0.0345
0.10,MW,IP,Unpaired,Rainbow,490,246,0.5020,0.3699,0.3415,0.2317,0.0569
0.10,MW,OOP,Paired,"2Tone",296,110,0.3716,0.3364,0.4545,0.1455,0.0636
0.10,MW,OOP,Paired,Rainbow,280,96,0.3429,0.3021,0.4063,0.2292,0.0625
0.10,MW,OOP,Trips,Rainbow,8,3,0.3750,0.0000,0.6667,0.3333,0.0000
0.10,MW,OOP,Unpaired,"2Tone",1559,667,0.4278,0.2684,0.4213,0.2279,0.0825
0.10,MW,OOP,Unpaired,Monotone,207,87,0.4203,0.2874,0.4368,0.1724,0.1034
0.10,MW,OOP,Unpaired,Rainbow,1051,422,0.4015,0.2844,0.4028,0.2488,0.0640
